archetype_key,race,income_bracket,family_type,neighborhood_type,population,population_share,mobility_rate,context_satisfaction_bonus,ideal_own_group_pct,min_own_group_pct,search_n_mean,search_radius_hops,search_bias_own,search_bias_mixed,social_anchor_weight,w_racial_composition,w_school_quality,w_safety_crime,w_housing_cost_match,w_commute_transit,w_amenities,w_social_network_proximity
nh_black__lower_middle__single_no_children__black_dominant,nh_black,lower_middle,single_no_children,black_dominant,145839,0.05493,0.182,0.15,0.5,0.2,4,3,0.5,0.35,0.4,0.2008,0.0452,0.1506,0.2169,0.1406,0.0753,0.1707
hispanic__low__family_with_children__hispanic_dominant,hispanic,low,family_with_children,hispanic_dominant,143220,0.053943,0.126,0.15,0.25,0.08,3,3,0.3,0.45,0.5,0.0679,0.1609,0.1565,0.2395,0.0958,0.0399,0.2395
nh_black__lower_middle__family_with_children__black_dominant,nh_black,lower_middle,family_with_children,black_dominant,127609,0.048064,0.098,0.15,0.5,0.2,4,3,0.5,0.35,0.4,0.16,0.216,0.168,0.1728,0.08,0.04,0.1632
nh_white__high__single_no_children__white_dominant,nh_white,high,single_no_children,white_dominant,125537,0.047283,0.1248,0.15,0.6,0.4,5,4,0.55,0.35,0.2,0.3801,0.0824,0.1901,0.076,0.1183,0.0792,0.0739
nh_white__upper_middle__single_no_children__mixed,nh_white,upper_middle,single_no_children,mixed,93475,0.035207,0.1404,-0.2,0.6,0.4,5,4,0.55,0.35,0.2,0.3485,0.076,0.1901,0.114,0.1183,0.0792,0.0739
nh_black__lower_middle__elderly__black_dominant,nh_black,lower_middle,elderly,black_dominant,91150,0.034331,0.07,0.15,0.5,0.2,4,3,0.5,0.35,0.4,0.1885,0.0283,0.1838,0.2036,0.0943,0.0613,0.2403
nh_black__low__family_with_children__black_dominant,nh_black,low,family_with_children,black_dominant,77146,0.029057,0.1176,0.15,0.5,0.2,4,3,0.5,0.35,0.4,0.1393,0.177,0.1721,0.2213,0.082,0.041,0.1672
nh_white__high__single_no_children__mixed,nh_white,high,single_no_children,mixed,75752,0.028532,0.1248,-0.2,0.6,0.4,5,4,0.55,0.35,0.2,0.3801,0.0824,0.1901,0.076,0.1183,0.0792,0.0739
hispanic__upper_middle__family_with_children__mixed,hispanic,upper_middle,family_with_children,mixed,74973,0.028238,0.0945,-0.2,0.25,0.08,3,3,0.3,0.45,0.5,0.0874,0.2403,0.1558,0.143,0.0954,0.0397,0.2384
nh_black__low__single_no_children__black_dominant,nh_black,low,single_no_children,black_dominant,71360,0.026878,0.2184,0.15,0.5,0.2,4,3,0.5,0.35,0.4,0.1682,0.0356,0.1484,0.2671,0.1385,0.0742,0.1682
hispanic__low__single_no_children__hispanic_dominant,hispanic,low,single_no_children,hispanic_dominant,70311,0.026482,0.234,0.15,0.25,0.08,3,3,0.3,0.45,0.5,0.0808,0.032,0.1331,0.2853,0.1598,0.0713,0.2377
nh_white__high__family_with_children__white_dominant,nh_white,high,family_with_children,white_dominant,62764,0.02364,0.0672,0.15,0.6,0.4,5,4,0.55,0.35,0.2,0.2635,0.3426,0.1845,0.0527,0.0586,0.0366,0.0615
nh_white__high__elderly__white_dominant,nh_white,high,elderly,white_dominant,62764,0.02364,0.048,0.15,0.6,0.4,5,4,0.55,0.35,0.2,0.3719,0.0537,0.2417,0.0744,0.0826,0.0671,0.1085
nh_white__upper_middle__family_with_children__mixed,nh_white,upper_middle,family_with_children,mixed,62317,0.023472,0.0756,-0.2,0.6,0.4,5,4,0.55,0.35,0.2,0.247,0.3234,0.1886,0.0808,0.0599,0.0374,0.0629
nh_white__upper_middle__elderly__mixed,nh_white,upper_middle,elderly,mixed,51936,0.019562,0.054,-0.2,0.6,0.4,5,4,0.55,0.35,0.2,0.3402,0.0495,0.2412,0.1113,0.0825,0.067,0.1082
hispanic__lower_middle__family_with_children__hispanic_dominant,hispanic,lower_middle,family_with_children,hispanic_dominant,50557,0.019042,0.105,0.15,0.25,0.08,3,3,0.3,0.45,0.5,0.0795,0.2003,0.1558,0.1908,0.0954,0.0397,0.2385
nh_white__upper_middle__single_no_children__white_dominant,nh_white,upper_middle,single_no_children,white_dominant,47458,0.017875,0.1404,0.15,0.6,0.4,5,4,0.55,0.35,0.2,0.3485,0.076,0.1901,0.114,0.1183,0.0792,0.0739
hispanic__low__elderly__hispanic_dominant,hispanic,low,elderly,hispanic_dominant,46872,0.017654,0.09,0.15,0.25,0.08,3,3,0.3,0.45,0.5,0.074,0.0195,0.1583,0.261,0.1044,0.0566,0.3263
hispanic__upper_middle__single_no_children__mixed,hispanic,upper_middle,single_no_children,mixed,44988,0.016945,0.1755,-0.2,0.25,0.08,3,3,0.3,0.45,0.5,0.113,0.0518,0.1438,0.1849,0.1726,0.077,0.2568
nh_black__low__elderly__black_dominant,nh_black,low,elderly,black_dominant,44361,0.016708,0.084,0.15,0.5,0.2,4,3,0.5,0.35,0.4,0.1576,0.0222,0.1807,0.2502,0.0927,0.0602,0.2363
hispanic__lower_middle__family_with_children__mixed,hispanic,lower_middle,family_with_children,mixed,42129,0.015868,0.105,-0.2,0.25,0.08,3,3,0.3,0.45,0.5,0.0795,0.2003,0.1558,0.1908,0.0954,0.0397,0.2385
nh_white__high__elderly__mixed,nh_white,high,elderly,mixed,37878,0.014267,0.048,-0.2,0.6,0.4,5,4,0.55,0.35,0.2,0.3719,0.0537,0.2417,0.0744,0.0826,0.0671,0.1085
nh_white__high__family_with_children__mixed,nh_white,high,family_with_children,mixed,37878,0.014267,0.0672,-0.2,0.6,0.4,5,4,0.55,0.35,0.2,0.2635,0.3426,0.1845,0.0527,0.0586,0.0366,0.0615
nh_white__upper_middle__family_with_children__white_dominant,nh_white,upper_middle,family_with_children,white_dominant,31643,0.011918,0.0756,0.15,0.6,0.4,5,4,0.55,0.35,0.2,0.247,0.3234,0.1886,0.0808,0.0599,0.0374,0.0629
nh_black__upper_middle__single_no_children__black_dominant,nh_black,upper_middle,single_no_children,black_dominant,30810,0.011605,0.1638,0.15,0.5,0.2,4,3,0.5,0.35,0.4,0.2266,0.0556,0.1545,0.1668,0.1442,0.0772,0.1751
hispanic__lower_middle__single_no_children__hispanic_dominant,hispanic,lower_middle,single_no_children,hispanic_dominant,30331,0.011424,0.195,0.15,0.25,0.08,3,3,0.3,0.45,0.5,0.0985,0.0414,0.1379,0.2365,0.1655,0.0739,0.2463
hispanic__upper_middle__elderly__mixed,hispanic,upper_middle,elderly,mixed,29989,0.011295,0.0675,-0.2,0.25,0.08,3,3,0.3,0.45,0.5,0.1032,0.0315,0.1708,0.1689,0.1126,0.061,0.3519
nh_black__upper_middle__family_with_children__black_dominant,nh_black,upper_middle,family_with_children,black_dominant,26961,0.010155,0.0882,0.15,0.5,0.2,4,3,0.5,0.35,0.4,0.1732,0.2551,0.1654,0.1276,0.0787,0.0394,0.1606
nh_white__upper_middle__elderly__white_dominant,nh_white,upper_middle,elderly,white_dominant,26364,0.00993,0.054,0.15,0.6,0.4,5,4,0.55,0.35,0.2,0.3402,0.0495,0.2412,0.1113,0.0825,0.067,0.1082
hispanic__lower_middle__single_no_children__mixed,hispanic,lower_middle,single_no_children,mixed,25276,0.00952,0.195,-0.2,0.25,0.08,3,3,0.3,0.45,0.5,0.0985,0.0414,0.1379,0.2365,0.1655,0.0739,0.2463
nh_black__high__single_no_children__mixed,nh_black,high,single_no_children,mixed,24678,0.009295,0.1456,-0.2,0.5,0.2,4,3,0.5,0.35,0.4,0.2549,0.0621,0.1593,0.1147,0.1487,0.0797,0.1806
hispanic__low__family_with_children__mixed,hispanic,low,family_with_children,mixed,24340,0.009168,0.126,-0.2,0.25,0.08,3,3,0.3,0.45,0.5,0.0679,0.1609,0.1565,0.2395,0.0958,0.0399,0.2395
nh_white__lower_middle__single_no_children__mixed,nh_white,lower_middle,single_no_children,mixed,21888,0.008244,0.156,-0.2,0.6,0.4,5,4,0.55,0.35,0.2,0.3188,0.0638,0.1913,0.153,0.119,0.0797,0.0744
hispanic__high__family_with_children__mixed,hispanic,high,family_with_children,mixed,21100,0.007947,0.084,-0.2,0.25,0.08,3,3,0.3,0.45,0.5,0.0973,0.2656,0.1589,0.0973,0.0973,0.0405,0.2432
hispanic__lower_middle__elderly__hispanic_dominant,hispanic,lower_middle,elderly,hispanic_dominant,20221,0.007616,0.075,0.15,0.25,0.08,3,3,0.3,0.45,0.5,0.0901,0.0252,0.164,0.2162,0.1081,0.0586,0.3378
nh_black__upper_middle__single_no_children__mixed,nh_black,upper_middle,single_no_children,mixed,19688,0.007415,0.1638,-0.2,0.5,0.2,4,3,0.5,0.35,0.4,0.2266,0.0556,0.1545,0.1668,0.1442,0.0772,0.1751
nh_black__upper_middle__elderly__black_dominant,nh_black,upper_middle,elderly,black_dominant,19256,0.007253,0.063,0.15,0.5,0.2,4,3,0.5,0.35,0.4,0.213,0.0348,0.1888,0.1568,0.0968,0.0629,0.2469
nh_black__upper_middle__family_with_children__mixed,nh_black,upper_middle,family_with_children,mixed,17225,0.006488,0.0882,-0.2,0.5,0.2,4,3,0.5,0.35,0.4,0.1732,0.2551,0.1654,0.1276,0.0787,0.0394,0.1606
hispanic__lower_middle__elderly__mixed,hispanic,lower_middle,elderly,mixed,16853,0.006348,0.075,-0.2,0.25,0.08,3,3,0.3,0.45,0.5,0.0901,0.0252,0.164,0.2162,0.1081,0.0586,0.3378
nh_asian__upper_middle__family_with_children__mixed,nh_asian,upper_middle,family_with_children,mixed,16709,0.006293,0.0756,-0.2,0.12,0.03,5,5,0.2,0.5,0.35,0.0627,0.4308,0.1396,0.0962,0.1069,0.0356,0.1282
nh_black__high__family_with_children__mixed,nh_black,high,family_with_children,mixed,16449,0.006195,0.0784,-0.2,0.5,0.2,4,3,0.5,0.35,0.4,0.19,0.2779,0.1663,0.0855,0.0792,0.0396,0.1615
hispanic__high__single_no_children__mixed,hispanic,high,single_no_children,mixed,16410,0.006181,0.156,-0.2,0.25,0.08,3,3,0.3,0.45,0.5,0.1294,0.0589,0.1509,0.1294,0.1811,0.0809,0.2695
nh_black__low__family_with_children__mixed,nh_black,low,family_with_children,mixed,15281,0.005756,0.1176,-0.2,0.5,0.2,4,3,0.5,0.35,0.4,0.1393,0.177,0.1721,0.2213,0.082,0.041,0.1672
nh_white__lower_middle__family_with_children__mixed,nh_white,lower_middle,family_with_children,mixed,14593,0.005496,0.084,-0.2,0.6,0.4,5,4,0.55,0.35,0.2,0.2362,0.2835,0.1984,0.1134,0.063,0.0394,0.0661
nh_black__low__single_no_children__mixed,nh_black,low,single_no_children,mixed,14132,0.005323,0.2184,-0.2,0.5,0.2,4,3,0.5,0.35,0.4,0.1682,0.0356,0.1484,0.2671,0.1385,0.0742,0.1682
nh_black__high__elderly__mixed,nh_black,high,elderly,mixed,13711,0.005164,0.056,-0.2,0.5,0.2,4,3,0.5,0.35,0.4,0.2395,0.0389,0.1946,0.1078,0.0998,0.0649,0.2545
nh_asian__high__family_with_children__mixed,nh_asian,high,family_with_children,mixed,13055,0.004917,0.0672,-0.2,0.12,0.03,5,5,0.2,0.5,0.35,0.0677,0.4623,0.1383,0.0635,0.1058,0.0353,0.127
nh_asian__high__single_no_children__mixed,nh_asian,high,single_no_children,mixed,13055,0.004917,0.1248,-0.2,0.12,0.03,5,5,0.2,0.5,0.35,0.1103,0.1255,0.1609,0.1034,0.2413,0.0862,0.1724
nh_asian__upper_middle__single_no_children__mixed,nh_asian,upper_middle,single_no_children,mixed,12990,0.004893,0.1404,-0.2,0.12,0.03,5,5,0.2,0.5,0.35,0.0979,0.1121,0.1558,0.1502,0.2336,0.0834,0.1669
nh_black__upper_middle__elderly__mixed,nh_black,upper_middle,elderly,mixed,12311,0.004637,0.063,-0.2,0.5,0.2,4,3,0.5,0.35,0.4,0.213,0.0348,0.1888,0.1568,0.0968,0.0629,0.2469
nh_white__lower_middle__elderly__mixed,nh_white,lower_middle,elderly,mixed,12161,0.00458,0.06,-0.2,0.6,0.4,5,4,0.55,0.35,0.2,0.3099,0.0413,0.2417,0.1488,0.0826,0.0671,0.1085
hispanic__low__single_no_children__mixed,hispanic,low,single_no_children,mixed,11946,0.004499,0.234,-0.2,0.25,0.08,3,3,0.3,0.45,0.5,0.0808,0.032,0.1331,0.2853,0.1598,0.0713,0.2377
hispanic__high__family_with_children__white_dominant,hispanic,high,family_with_children,white_dominant,10768,0.004056,0.084,-0.2,0.25,0.08,3,3,0.3,0.45,0.5,0.0973,0.2656,0.1589,0.0973,0.0973,0.0405,0.2432
hispanic__high__elderly__mixed,hispanic,high,elderly,mixed,9378,0.003532,0.06,-0.2,0.25,0.08,3,3,0.3,0.45,0.5,0.1178,0.0357,0.1787,0.1178,0.1178,0.0638,0.3682
nh_black__lower_middle__single_no_children__mixed,nh_black,lower_middle,single_no_children,mixed,9152,0.003447,0.182,-0.2,0.5,0.2,4,3,0.5,0.35,0.4,0.2008,0.0452,0.1506,0.2169,0.1406,0.0753,0.1707
hispanic__upper_middle__family_with_children__white_dominant,hispanic,upper_middle,family_with_children,white_dominant,9145,0.003444,0.0945,-0.2,0.25,0.08,3,3,0.3,0.45,0.5,0.0874,0.2403,0.1558,0.143,0.0954,0.0397,0.2384
nh_asian__lower_middle__family_with_children__asian_enclave,nh_asian,lower_middle,family_with_children,asian_enclave,8819,0.003322,0.084,0.15,0.12,0.03,5,5,0.2,0.5,0.35,0.0597,0.3761,0.1463,0.1343,0.1119,0.0373,0.1343
nh_black__low__elderly__mixed,nh_black,low,elderly,mixed,8785,0.003309,0.084,-0.2,0.5,0.2,4,3,0.5,0.35,0.4,0.1576,0.0222,0.1807,0.2502,0.0927,0.0602,0.2363
nh_white__lower_middle__single_no_children__hispanic_dominant,nh_white,lower_middle,single_no_children,hispanic_dominant,8438,0.003178,0.156,-0.2,0.6,0.4,5,4,0.55,0.35,0.2,0.3188,0.0638,0.1913,0.153,0.119,0.0797,0.0744
hispanic__high__single_no_children__white_dominant,hispanic,high,single_no_children,white_dominant,8374,0.003154,0.156,-0.2,0.25,0.08,3,3,0.3,0.45,0.5,0.1294,0.0589,0.1509,0.1294,0.1811,0.0809,0.2695
hispanic__upper_middle__family_with_children__hispanic_dominant,hispanic,upper_middle,family_with_children,hispanic_dominant,8269,0.003114,0.0945,0.15,0.25,0.08,3,3,0.3,0.45,0.5,0.0874,0.2403,0.1558,0.143,0.0954,0.0397,0.2384
nh_black__lower_middle__family_with_children__mixed,nh_black,lower_middle,family_with_children,mixed,8004,0.003015,0.098,-0.2,0.5,0.2,4,3,0.5,0.35,0.4,0.16,0.216,0.168,0.1728,0.08,0.04,0.1632
hispanic__low__elderly__mixed,hispanic,low,elderly,mixed,7969,0.003002,0.09,-0.2,0.25,0.08,3,3,0.3,0.45,0.5,0.074,0.0195,0.1583,0.261,0.1044,0.0566,0.3263
nh_asian__high__single_no_children__white_dominant,nh_asian,high,single_no_children,white_dominant,7829,0.002949,0.1248,-0.2,0.12,0.03,5,5,0.2,0.5,0.35,0.1103,0.1255,0.1609,0.1034,0.2413,0.0862,0.1724
nh_asian__high__family_with_children__white_dominant,nh_asian,high,family_with_children,white_dominant,7829,0.002949,0.0672,-0.2,0.12,0.03,5,5,0.2,0.5,0.35,0.0677,0.4623,0.1383,0.0635,0.1058,0.0353,0.127
nh_white__low__single_no_children__hispanic_dominant,nh_white,low,single_no_children,hispanic_dominant,7680,0.002893,0.1872,-0.2,0.6,0.4,5,4,0.55,0.35,0.2,0.2772,0.0522,0.1957,0.1957,0.1217,0.0815,0.0761
nh_asian__upper_middle__elderly__mixed,nh_asian,upper_middle,elderly,mixed,7426,0.002797,0.054,-0.2,0.12,0.03,5,5,0.2,0.5,0.35,0.0965,0.0737,0.1995,0.148,0.1644,0.0713,0.2467
nh_black__high__single_no_children__black_dominant,nh_black,high,single_no_children,black_dominant,7361,0.002773,0.1456,0.15,0.5,0.2,4,3,0.5,0.35,0.4,0.2549,0.0621,0.1593,0.1147,0.1487,0.0797,0.1806
nh_asian__lower_middle__single_no_children__asian_enclave,nh_asian,lower_middle,single_no_children,asian_enclave,6857,0.002583,0.156,0.15,0.12,0.03,5,5,0.2,0.5,0.35,0.0871,0.0914,0.1523,0.1959,0.2285,0.0816,0.1632
nh_asian__high__elderly__mixed,nh_asian,high,elderly,mixed,6533,0.002461,0.048,-0.2,0.12,0.03,5,5,0.2,0.5,0.35,0.109,0.0827,0.2066,0.1022,0.1703,0.0738,0.2554
nh_white__low__family_with_children__hispanic_dominant,nh_white,low,family_with_children,hispanic_dominant,6400,0.002411,0.1008,-0.2,0.6,0.4,5,4,0.55,0.35,0.2,0.2145,0.2422,0.2119,0.1514,0.0673,0.0421,0.0706
nh_asian__lower_middle__family_with_children__mixed,nh_asian,lower_middle,family_with_children,mixed,5869,0.002211,0.084,-0.2,0.12,0.03,5,5,0.2,0.5,0.35,0.0597,0.3761,0.1463,0.1343,0.1119,0.0373,0.1343
nh_black__lower_middle__elderly__mixed,nh_black,lower_middle,elderly,mixed,5718,0.002154,0.07,-0.2,0.5,0.2,4,3,0.5,0.35,0.4,0.1885,0.0283,0.1838,0.2036,0.0943,0.0613,0.2403
nh_black__low__family_with_children__hispanic_dominant,nh_black,low,family_with_children,hispanic_dominant,5670,0.002136,0.1176,-0.2,0.5,0.2,4,3,0.5,0.35,0.4,0.1393,0.177,0.1721,0.2213,0.082,0.041,0.1672
nh_white__lower_middle__family_with_children__hispanic_dominant,nh_white,lower_middle,family_with_children,hispanic_dominant,5623,0.002118,0.084,-0.2,0.6,0.4,5,4,0.55,0.35,0.2,0.2362,0.2835,0.1984,0.1134,0.063,0.0394,0.0661
hispanic__upper_middle__single_no_children__white_dominant,hispanic,upper_middle,single_no_children,white_dominant,5488,0.002067,0.1755,-0.2,0.25,0.08,3,3,0.3,0.45,0.5,0.113,0.0518,0.1438,0.1849,0.1726,0.077,0.2568
nh_white__low__single_no_children__mixed,nh_white,low,single_no_children,mixed,5338,0.002011,0.1872,-0.2,0.6,0.4,5,4,0.55,0.35,0.2,0.2772,0.0522,0.1957,0.1957,0.1217,0.0815,0.0761
nh_black__high__single_no_children__white_dominant,nh_black,high,single_no_children,white_dominant,5279,0.001988,0.1456,-0.2,0.5,0.2,4,3,0.5,0.35,0.4,0.2549,0.0621,0.1593,0.1147,0.1487,0.0797,0.1806
nh_black__low__single_no_children__hispanic_dominant,nh_black,low,single_no_children,hispanic_dominant,5242,0.001974,0.2184,-0.2,0.5,0.2,4,3,0.5,0.35,0.4,0.1682,0.0356,0.1484,0.2671,0.1385,0.0742,0.1682
hispanic__low__family_with_children__black_dominant,hispanic,low,family_with_children,black_dominant,4989,0.001879,0.126,-0.2,0.25,0.08,3,3,0.3,0.45,0.5,0.0679,0.1609,0.1565,0.2395,0.0958,0.0399,0.2395
hispanic__upper_middle__single_no_children__hispanic_dominant,hispanic,upper_middle,single_no_children,hispanic_dominant,4963,0.001869,0.1755,0.15,0.25,0.08,3,3,0.3,0.45,0.5,0.113,0.0518,0.1438,0.1849,0.1726,0.077,0.2568
nh_black__high__family_with_children__black_dominant,nh_black,high,family_with_children,black_dominant,4906,0.001848,0.0784,0.15,0.5,0.2,4,3,0.5,0.35,0.4,0.19,0.2779,0.1663,0.0855,0.0792,0.0396,0.1615
hispanic__high__elderly__white_dominant,hispanic,high,elderly,white_dominant,4788,0.001803,0.06,-0.2,0.25,0.08,3,3,0.3,0.45,0.5,0.1178,0.0357,0.1787,0.1178,0.1178,0.0638,0.3682
hispanic__lower_middle__family_with_children__black_dominant,hispanic,lower_middle,family_with_children,black_dominant,4710,0.001774,0.105,-0.2,0.25,0.08,3,3,0.3,0.45,0.5,0.0795,0.2003,0.1558,0.1908,0.0954,0.0397,0.2385
nh_white__lower_middle__elderly__hispanic_dominant,nh_white,lower_middle,elderly,hispanic_dominant,4690,0.001766,0.06,-0.2,0.6,0.4,5,4,0.55,0.35,0.2,0.3099,0.0413,0.2417,0.1488,0.0826,0.0671,0.1085
nh_other__upper_middle__single_no_children__mixed,nh_other,upper_middle,single_no_children,mixed,4686,0.001765,0.1521,-0.2,0.1,0.03,4,4,0.2,0.5,0.3,0.1125,0.0663,0.1534,0.1565,0.2148,0.1227,0.1739
nh_asian__lower_middle__single_no_children__mixed,nh_asian,lower_middle,single_no_children,mixed,4565,0.001719,0.156,-0.2,0.12,0.03,5,5,0.2,0.5,0.35,0.0871,0.0914,0.1523,0.1959,0.2285,0.0816,0.1632
nh_white__low__family_with_children__mixed,nh_white,low,family_with_children,mixed,4447,0.001675,0.1008,-0.2,0.6,0.4,5,4,0.55,0.35,0.2,0.2145,0.2422,0.2119,0.1514,0.0673,0.0421,0.0706
nh_white__low__elderly__hispanic_dominant,nh_white,low,elderly,hispanic_dominant,4204,0.001583,0.072,-0.2,0.6,0.4,5,4,0.55,0.35,0.2,0.2681,0.0336,0.2461,0.1893,0.0841,0.0683,0.1104
nh_black__high__elderly__black_dominant,nh_black,high,elderly,black_dominant,4091,0.001541,0.056,0.15,0.5,0.2,4,3,0.5,0.35,0.4,0.2395,0.0389,0.1946,0.1078,0.0998,0.0649,0.2545
nh_other__high__single_no_children__mixed,nh_other,high,single_no_children,mixed,4047,0.001524,0.1352,-0.2,0.1,0.03,4,4,0.2,0.5,0.3,0.1274,0.0745,0.1592,0.1083,0.2229,0.1274,0.1804
nh_asian__lower_middle__elderly__asian_enclave,nh_asian,lower_middle,elderly,asian_enclave,3920,0.001476,0.06,0.15,0.12,0.03,5,5,0.2,0.5,0.35,0.0853,0.0597,0.194,0.1919,0.1599,0.0693,0.2399
nh_asian__high__elderly__white_dominant,nh_asian,high,elderly,white_dominant,3913,0.001474,0.048,-0.2,0.12,0.03,5,5,0.2,0.5,0.35,0.109,0.0827,0.2066,0.1022,0.1703,0.0738,0.2554
nh_white__lower_middle__single_no_children__asian_enclave,nh_white,lower_middle,single_no_children,asian_enclave,3756,0.001415,0.156,-0.2,0.6,0.4,5,4,0.55,0.35,0.2,0.3188,0.0638,0.1913,0.153,0.119,0.0797,0.0744
hispanic__upper_middle__elderly__white_dominant,hispanic,upper_middle,elderly,white_dominant,3661,0.001379,0.0675,-0.2,0.25,0.08,3,3,0.3,0.45,0.5,0.1032,0.0315,0.1708,0.1689,0.1126,0.061,0.3519
nh_other__upper_middle__family_with_children__mixed,nh_other,upper_middle,family_with_children,mixed,3642,0.001372,0.0819,-0.2,0.1,0.03,4,4,0.2,0.5,0.3,0.0849,0.3,0.1621,0.1181,0.1158,0.0617,0.1574
nh_black__high__family_with_children__white_dominant,nh_black,high,family_with_children,white_dominant,3519,0.001325,0.0784,-0.2,0.5,0.2,4,3,0.5,0.35,0.4,0.19,0.2779,0.1663,0.0855,0.0792,0.0396,0.1615
hispanic__upper_middle__elderly__hispanic_dominant,hispanic,upper_middle,elderly,hispanic_dominant,3309,0.001246,0.0675,0.15,0.25,0.08,3,3,0.3,0.45,0.5,0.1032,0.0315,0.1708,0.1689,0.1126,0.061,0.3519
hispanic__lower_middle__family_with_children__asian_enclave,hispanic,lower_middle,family_with_children,asian_enclave,3262,0.001229,0.105,-0.2,0.25,0.08,3,3,0.3,0.45,0.5,0.0795,0.2003,0.1558,0.1908,0.0954,0.0397,0.2385
nh_black__low__elderly__hispanic_dominant,nh_black,low,elderly,hispanic_dominant,3256,0.001226,0.084,-0.2,0.5,0.2,4,3,0.5,0.35,0.4,0.1576,0.0222,0.1807,0.2502,0.0927,0.0602,0.2363
nh_other__high__single_no_children__white_dominant,nh_other,high,single_no_children,white_dominant,3249,0.001224,0.1352,-0.2,0.1,0.03,4,4,0.2,0.5,0.3,0.1274,0.0745,0.1592,0.1083,0.2229,0.1274,0.1804
nh_black__high__elderly__white_dominant,nh_black,high,elderly,white_dominant,2932,0.001104,0.056,-0.2,0.5,0.2,4,3,0.5,0.35,0.4,0.2395,0.0389,0.1946,0.1078,0.0998,0.0649,0.2545
nh_white__low__elderly__mixed,nh_white,low,elderly,mixed,2921,0.0011,0.072,-0.2,0.6,0.4,5,4,0.55,0.35,0.2,0.2681,0.0336,0.2461,0.1893,0.0841,0.0683,0.1104
hispanic__lower_middle__single_no_children__black_dominant,hispanic,lower_middle,single_no_children,black_dominant,2824,0.001064,0.195,-0.2,0.25,0.08,3,3,0.3,0.45,0.5,0.0985,0.0414,0.1379,0.2365,0.1655,0.0739,0.2463
nh_asian__lower_middle__elderly__mixed,nh_asian,lower_middle,elderly,mixed,2609,0.000983,0.06,-0.2,0.12,0.03,5,5,0.2,0.5,0.35,0.0853,0.0597,0.194,0.1919,0.1599,0.0693,0.2399
nh_asian__upper_middle__family_with_children__white_dominant,nh_asian,upper_middle,family_with_children,white_dominant,2521,0.00095,0.0756,-0.2,0.12,0.03,5,5,0.2,0.5,0.35,0.0627,0.4308,0.1396,0.0962,0.1069,0.0356,0.1282
nh_white__lower_middle__family_with_children__asian_enclave,nh_white,lower_middle,family_with_children,asian_enclave,2505,0.000944,0.084,-0.2,0.6,0.4,5,4,0.55,0.35,0.2,0.2362,0.2835,0.1984,0.1134,0.063,0.0394,0.0661
hispanic__low__single_no_children__black_dominant,hispanic,low,single_no_children,black_dominant,2449,0.000922,0.234,-0.2,0.25,0.08,3,3,0.3,0.45,0.5,0.0808,0.032,0.1331,0.2853,0.1598,0.0713,0.2377
nh_other__high__family_with_children__mixed,nh_other,high,family_with_children,mixed,2428,0.000914,0.0728,-0.2,0.1,0.03,4,4,0.2,0.5,0.3,0.0932,0.3272,0.1631,0.0792,0.1165,0.0622,0.1585
nh_asian__upper_middle__family_with_children__asian_enclave,nh_asian,upper_middle,family_with_children,asian_enclave,2180,0.000821,0.0756,0.15,0.12,0.03,5,5,0.2,0.5,0.35,0.0627,0.4308,0.1396,0.0962,0.1069,0.0356,0.1282
nh_other__lower_middle__single_no_children__black_dominant,nh_other,lower_middle,single_no_children,black_dominant,2123,0.0008,0.169,-0.2,0.1,0.03,4,4,0.2,0.5,0.3,0.0992,0.0536,0.1488,0.2024,0.2083,0.119,0.1687
nh_white__lower_middle__elderly__asian_enclave,nh_white,lower_middle,elderly,asian_enclave,2087,0.000786,0.06,-0.2,0.6,0.4,5,4,0.55,0.35,0.2,0.3099,0.0413,0.2417,0.1488,0.0826,0.0671,0.1085
nh_other__upper_middle__elderly__mixed,nh_other,upper_middle,elderly,mixed,2084,0.000785,0.0585,-0.2,0.1,0.03,4,4,0.2,0.5,0.3,0.1089,0.0428,0.193,0.1515,0.1485,0.1029,0.2524
nh_asian__upper_middle__single_no_children__white_dominant,nh_asian,upper_middle,single_no_children,white_dominant,1961,0.000739,0.1404,-0.2,0.12,0.03,5,5,0.2,0.5,0.35,0.0979,0.1121,0.1558,0.1502,0.2336,0.0834,0.1669
nh_other__high__family_with_children__white_dominant,nh_other,high,family_with_children,white_dominant,1956,0.000737,0.0728,-0.2,0.1,0.03,4,4,0.2,0.5,0.3,0.0932,0.3272,0.1631,0.0792,0.1165,0.0622,0.1585
hispanic__lower_middle__single_no_children__asian_enclave,hispanic,lower_middle,single_no_children,asian_enclave,1955,0.000736,0.195,-0.2,0.25,0.08,3,3,0.3,0.45,0.5,0.0985,0.0414,0.1379,0.2365,0.1655,0.0739,0.2463
nh_asian__low__family_with_children__hispanic_dominant,nh_asian,low,family_with_children,hispanic_dominant,1936,0.000729,0.1008,-0.2,0.12,0.03,5,5,0.2,0.5,0.35,0.0535,0.3169,0.1541,0.1769,0.1179,0.0393,0.1415
hispanic__lower_middle__elderly__black_dominant,hispanic,lower_middle,elderly,black_dominant,1881,0.000708,0.075,-0.2,0.25,0.08,3,3,0.3,0.45,0.5,0.0901,0.0252,0.164,0.2162,0.1081,0.0586,0.3378
nh_white__upper_middle__single_no_children__asian_enclave,nh_white,upper_middle,single_no_children,asian_enclave,1715,0.000646,0.1404,-0.2,0.6,0.4,5,4,0.55,0.35,0.2,0.3485,0.076,0.1901,0.114,0.1183,0.0792,0.0739
nh_asian__upper_middle__single_no_children__asian_enclave,nh_asian,upper_middle,single_no_children,asian_enclave,1694,0.000638,0.1404,0.15,0.12,0.03,5,5,0.2,0.5,0.35,0.0979,0.1121,0.1558,0.1502,0.2336,0.0834,0.1669
nh_other__lower_middle__family_with_children__black_dominant,nh_other,lower_middle,family_with_children,black_dominant,1654,0.000623,0.091,-0.2,0.1,0.03,4,4,0.2,0.5,0.3,0.0786,0.2547,0.1651,0.1604,0.1179,0.0629,0.1604
hispanic__low__elderly__black_dominant,hispanic,low,elderly,black_dominant,1635,0.000616,0.09,-0.2,0.25,0.08,3,3,0.3,0.45,0.5,0.074,0.0195,0.1583,0.261,0.1044,0.0566,0.3263
nh_other__high__elderly__mixed,nh_other,high,elderly,mixed,1620,0.00061,0.052,-0.2,0.1,0.03,4,4,0.2,0.5,0.3,0.1234,0.0481,0.2005,0.1049,0.1542,0.1069,0.2621
nh_white__lower_middle__single_no_children__black_dominant,nh_white,lower_middle,single_no_children,black_dominant,1465,0.000552,0.156,-0.2,0.6,0.4,5,4,0.55,0.35,0.2,0.3188,0.0638,0.1913,0.153,0.119,0.0797,0.0744
nh_other__lower_middle__single_no_children__mixed,nh_other,lower_middle,single_no_children,mixed,1460,0.00055,0.169,-0.2,0.1,0.03,4,4,0.2,0.5,0.3,0.0992,0.0536,0.1488,0.2024,0.2083,0.119,0.1687
hispanic__upper_middle__family_with_children__asian_enclave,hispanic,upper_middle,family_with_children,asian_enclave,1458,0.000549,0.0945,-0.2,0.25,0.08,3,3,0.3,0.45,0.5,0.0874,0.2403,0.1558,0.143,0.0954,0.0397,0.2384
nh_white__upper_middle__single_no_children__hispanic_dominant,nh_white,upper_middle,single_no_children,hispanic_dominant,1413,0.000532,0.1404,-0.2,0.6,0.4,5,4,0.55,0.35,0.2,0.3485,0.076,0.1901,0.114,0.1183,0.0792,0.0739
nh_white__upper_middle__single_no_children__black_dominant,nh_white,upper_middle,single_no_children,black_dominant,1343,0.000506,0.1404,-0.2,0.6,0.4,5,4,0.55,0.35,0.2,0.3485,0.076,0.1901,0.114,0.1183,0.0792,0.0739
hispanic__lower_middle__elderly__asian_enclave,hispanic,lower_middle,elderly,asian_enclave,1303,0.000491,0.075,-0.2,0.25,0.08,3,3,0.3,0.45,0.5,0.0901,0.0252,0.164,0.2162,0.1081,0.0586,0.3378
nh_other__high__elderly__white_dominant,nh_other,high,elderly,white_dominant,1301,0.00049,0.052,-0.2,0.1,0.03,4,4,0.2,0.5,0.3,0.1234,0.0481,0.2005,0.1049,0.1542,0.1069,0.2621
nh_black__lower_middle__single_no_children__hispanic_dominant,nh_black,lower_middle,single_no_children,hispanic_dominant,1247,0.00047,0.182,-0.2,0.5,0.2,4,3,0.5,0.35,0.4,0.2008,0.0452,0.1506,0.2169,0.1406,0.0753,0.1707
nh_asian__low__single_no_children__hispanic_dominant,nh_asian,low,single_no_children,hispanic_dominant,1235,0.000465,0.1872,-0.2,0.12,0.03,5,5,0.2,0.5,0.35,0.0727,0.0719,0.1497,0.2406,0.2246,0.0802,0.1604
hispanic__upper_middle__family_with_children__black_dominant,hispanic,upper_middle,family_with_children,black_dominant,1144,0.000431,0.0945,-0.2,0.25,0.08,3,3,0.3,0.45,0.5,0.0874,0.2403,0.1558,0.143,0.0954,0.0397,0.2384
nh_white__upper_middle__family_with_children__asian_enclave,nh_white,upper_middle,family_with_children,asian_enclave,1143,0.000431,0.0756,-0.2,0.6,0.4,5,4,0.55,0.35,0.2,0.247,0.3234,0.1886,0.0808,0.0599,0.0374,0.0629
nh_other__lower_middle__family_with_children__mixed,nh_other,lower_middle,family_with_children,mixed,1132,0.000426,0.091,-0.2,0.1,0.03,4,4,0.2,0.5,0.3,0.0786,0.2547,0.1651,0.1604,0.1179,0.0629,0.1604
nh_asian__upper_middle__elderly__white_dominant,nh_asian,upper_middle,elderly,white_dominant,1119,0.000421,0.054,-0.2,0.12,0.03,5,5,0.2,0.5,0.35,0.0965,0.0737,0.1995,0.148,0.1644,0.0713,0.2467
nh_black__lower_middle__family_with_children__hispanic_dominant,nh_black,lower_middle,family_with_children,hispanic_dominant,1092,0.000411,0.098,-0.2,0.5,0.2,4,3,0.5,0.35,0.4,0.16,0.216,0.168,0.1728,0.08,0.04,0.1632
nh_white__low__single_no_children__black_dominant,nh_white,low,single_no_children,black_dominant,1066,0.000402,0.1872,-0.2,0.6,0.4,5,4,0.55,0.35,0.2,0.2772,0.0522,0.1957,0.1957,0.1217,0.0815,0.0761
nh_white__lower_middle__family_with_children__black_dominant,nh_white,lower_middle,family_with_children,black_dominant,979,0.000369,0.084,-0.2,0.6,0.4,5,4,0.55,0.35,0.2,0.2362,0.2835,0.1984,0.1134,0.063,0.0394,0.0661
nh_black__upper_middle__single_no_children__white_dominant,nh_black,upper_middle,single_no_children,white_dominant,971,0.000366,0.1638,-0.2,0.5,0.2,4,3,0.5,0.35,0.4,0.2266,0.0556,0.1545,0.1668,0.1442,0.0772,0.1751
nh_asian__upper_middle__elderly__asian_enclave,nh_asian,upper_middle,elderly,asian_enclave,968,0.000365,0.054,0.15,0.12,0.03,5,5,0.2,0.5,0.35,0.0965,0.0737,0.1995,0.148,0.1644,0.0713,0.2467
nh_other__low__single_no_children__black_dominant,nh_other,low,single_no_children,black_dominant,965,0.000363,0.2028,-0.2,0.1,0.03,4,4,0.2,0.5,0.3,0.0823,0.0418,0.1452,0.2468,0.2033,0.1161,0.1645
nh_white__upper_middle__elderly__asian_enclave,nh_white,upper_middle,elderly,asian_enclave,953,0.000359,0.054,-0.2,0.6,0.4,5,4,0.55,0.35,0.2,0.3402,0.0495,0.2412,0.1113,0.0825,0.067,0.1082
nh_other__lower_middle__elderly__black_dominant,nh_other,lower_middle,elderly,black_dominant,949,0.000357,0.065,-0.2,0.1,0.03,4,4,0.2,0.5,0.3,0.0958,0.0345,0.1868,0.1954,0.1437,0.0996,0.2443
nh_white__upper_middle__family_with_children__hispanic_dominant,nh_white,upper_middle,family_with_children,hispanic_dominant,941,0.000354,0.0756,-0.2,0.6,0.4,5,4,0.55,0.35,0.2,0.247,0.3234,0.1886,0.0808,0.0599,0.0374,0.0629
nh_other__low__family_with_children__black_dominant,nh_other,low,family_with_children,black_dominant,919,0.000346,0.1092,-0.2,0.1,0.03,4,4,0.2,0.5,0.3,0.0684,0.2085,0.1689,0.2051,0.1207,0.0644,0.1641
nh_white__upper_middle__family_with_children__black_dominant,nh_white,upper_middle,family_with_children,black_dominant,893,0.000336,0.0756,-0.2,0.6,0.4,5,4,0.55,0.35,0.2,0.247,0.3234,0.1886,0.0808,0.0599,0.0374,0.0629
nh_other__upper_middle__single_no_children__white_dominant,nh_other,upper_middle,single_no_children,white_dominant,889,0.000335,0.1521,-0.2,0.1,0.03,4,4,0.2,0.5,0.3,0.1125,0.0663,0.1534,0.1565,0.2148,0.1227,0.1739
nh_white__low__family_with_children__black_dominant,nh_white,low,family_with_children,black_dominant,887,0.000334,0.1008,-0.2,0.6,0.4,5,4,0.55,0.35,0.2,0.2145,0.2422,0.2119,0.1514,0.0673,0.0421,0.0706
hispanic__upper_middle__single_no_children__asian_enclave,hispanic,upper_middle,single_no_children,asian_enclave,875,0.00033,0.1755,-0.2,0.25,0.08,3,3,0.3,0.45,0.5,0.113,0.0518,0.1438,0.1849,0.1726,0.077,0.2568
nh_black__upper_middle__family_with_children__white_dominant,nh_black,upper_middle,family_with_children,white_dominant,847,0.000319,0.0882,-0.2,0.5,0.2,4,3,0.5,0.35,0.4,0.1732,0.2551,0.1654,0.1276,0.0787,0.0394,0.1606
nh_black__upper_middle__single_no_children__asian_enclave,nh_black,upper_middle,single_no_children,asian_enclave,829,0.000312,0.1638,-0.2,0.5,0.2,4,3,0.5,0.35,0.4,0.2266,0.0556,0.1545,0.1668,0.1442,0.0772,0.1751
nh_white__lower_middle__elderly__black_dominant,nh_white,lower_middle,elderly,black_dominant,815,0.000307,0.06,-0.2,0.6,0.4,5,4,0.55,0.35,0.2,0.3099,0.0413,0.2417,0.1488,0.0826,0.0671,0.1085
nh_white__upper_middle__elderly__hispanic_dominant,nh_white,upper_middle,elderly,hispanic_dominant,784,0.000295,0.054,-0.2,0.6,0.4,5,4,0.55,0.35,0.2,0.3402,0.0495,0.2412,0.1113,0.0825,0.067,0.1082
nh_black__lower_middle__elderly__hispanic_dominant,nh_black,lower_middle,elderly,hispanic_dominant,778,0.000293,0.07,-0.2,0.5,0.2,4,3,0.5,0.35,0.4,0.1885,0.0283,0.1838,0.2036,0.0943,0.0613,0.2403
nh_asian__low__family_with_children__mixed,nh_asian,low,family_with_children,mixed,753,0.000284,0.1008,-0.2,0.12,0.03,5,5,0.2,0.5,0.35,0.0535,0.3169,0.1541,0.1769,0.1179,0.0393,0.1415
nh_white__upper_middle__elderly__black_dominant,nh_white,upper_middle,elderly,black_dominant,745,0.000281,0.054,-0.2,0.6,0.4,5,4,0.55,0.35,0.2,0.3402,0.0495,0.2412,0.1113,0.0825,0.067,0.1082
nh_white__high__single_no_children__black_dominant,nh_white,high,single_no_children,black_dominant,743,0.00028,0.1248,-0.2,0.6,0.4,5,4,0.55,0.35,0.2,0.3801,0.0824,0.1901,0.076,0.1183,0.0792,0.0739
nh_black__upper_middle__family_with_children__asian_enclave,nh_black,upper_middle,family_with_children,asian_enclave,726,0.000273,0.0882,-0.2,0.5,0.2,4,3,0.5,0.35,0.4,0.1732,0.2551,0.1654,0.1276,0.0787,0.0394,0.1606
nh_asian__low__elderly__hispanic_dominant,nh_asian,low,elderly,hispanic_dominant,704,0.000265,0.072,-0.2,0.12,0.03,5,5,0.2,0.5,0.35,0.0708,0.0467,0.1896,0.2344,0.1563,0.0677,0.2344
nh_other__upper_middle__family_with_children__white_dominant,nh_other,upper_middle,family_with_children,white_dominant,692,0.000261,0.0819,-0.2,0.1,0.03,4,4,0.2,0.5,0.3,0.0849,0.3,0.1621,0.1181,0.1158,0.0617,0.1574
nh_other__low__single_no_children__hispanic_dominant,nh_other,low,single_no_children,hispanic_dominant,685,0.000258,0.2028,-0.2,0.1,0.03,4,4,0.2,0.5,0.3,0.0823,0.0418,0.1452,0.2468,0.2033,0.1161,0.1645
hispanic__upper_middle__single_no_children__black_dominant,hispanic,upper_middle,single_no_children,black_dominant,684,0.000258,0.1755,-0.2,0.25,0.08,3,3,0.3,0.45,0.5,0.113,0.0518,0.1438,0.1849,0.1726,0.077,0.2568
nh_other__low__family_with_children__hispanic_dominant,nh_other,low,family_with_children,hispanic_dominant,656,0.000247,0.1092,-0.2,0.1,0.03,4,4,0.2,0.5,0.3,0.0684,0.2085,0.1689,0.2051,0.1207,0.0644,0.1641
nh_other__lower_middle__elderly__mixed,nh_other,lower_middle,elderly,mixed,651,0.000245,0.065,-0.2,0.1,0.03,4,4,0.2,0.5,0.3,0.0958,0.0345,0.1868,0.1954,0.1437,0.0996,0.2443
nh_asian__lower_middle__family_with_children__hispanic_dominant,nh_asian,lower_middle,family_with_children,hispanic_dominant,649,0.000244,0.084,-0.2,0.12,0.03,5,5,0.2,0.5,0.35,0.0597,0.3761,0.1463,0.1343,0.1119,0.0373,0.1343
nh_other__upper_middle__single_no_children__black_dominant,nh_other,upper_middle,single_no_children,black_dominant,639,0.000241,0.1521,-0.2,0.1,0.03,4,4,0.2,0.5,0.3,0.1125,0.0663,0.1534,0.1565,0.2148,0.1227,0.1739
nh_black__upper_middle__elderly__white_dominant,nh_black,upper_middle,elderly,white_dominant,605,0.000228,0.063,-0.2,0.5,0.2,4,3,0.5,0.35,0.4,0.213,0.0348,0.1888,0.1568,0.0968,0.0629,0.2469
nh_white__low__elderly__black_dominant,nh_white,low,elderly,black_dominant,587,0.000221,0.072,-0.2,0.6,0.4,5,4,0.55,0.35,0.2,0.2681,0.0336,0.2461,0.1893,0.0841,0.0683,0.1104
hispanic__upper_middle__elderly__asian_enclave,hispanic,upper_middle,elderly,asian_enclave,584,0.00022,0.0675,-0.2,0.25,0.08,3,3,0.3,0.45,0.5,0.1032,0.0315,0.1708,0.1689,0.1126,0.061,0.3519
nh_asian__upper_middle__family_with_children__black_dominant,nh_asian,upper_middle,family_with_children,black_dominant,543,0.000205,0.0756,-0.2,0.12,0.03,5,5,0.2,0.5,0.35,0.0627,0.4308,0.1396,0.0962,0.1069,0.0356,0.1282
nh_black__upper_middle__elderly__asian_enclave,nh_black,upper_middle,elderly,asian_enclave,519,0.000195,0.063,-0.2,0.5,0.2,4,3,0.5,0.35,0.4,0.213,0.0348,0.1888,0.1568,0.0968,0.0629,0.2469
nh_asian__lower_middle__single_no_children__hispanic_dominant,nh_asian,lower_middle,single_no_children,hispanic_dominant,505,0.00019,0.156,-0.2,0.12,0.03,5,5,0.2,0.5,0.35,0.0871,0.0914,0.1523,0.1959,0.2285,0.0816,0.1632
nh_other__upper_middle__family_with_children__black_dominant,nh_other,upper_middle,family_with_children,black_dominant,497,0.000187,0.0819,-0.2,0.1,0.03,4,4,0.2,0.5,0.3,0.0849,0.3,0.1621,0.1181,0.1158,0.0617,0.1574
nh_asian__low__single_no_children__mixed,nh_asian,low,single_no_children,mixed,483,0.000182,0.1872,-0.2,0.12,0.03,5,5,0.2,0.5,0.35,0.0727,0.0719,0.1497,0.2406,0.2246,0.0802,0.1604
nh_black__upper_middle__single_no_children__hispanic_dominant,nh_black,upper_middle,single_no_children,hispanic_dominant,477,0.00018,0.1638,-0.2,0.5,0.2,4,3,0.5,0.35,0.4,0.2266,0.0556,0.1545,0.1668,0.1442,0.0772,0.1751
hispanic__upper_middle__elderly__black_dominant,hispanic,upper_middle,elderly,black_dominant,456,0.000172,0.0675,-0.2,0.25,0.08,3,3,0.3,0.45,0.5,0.1032,0.0315,0.1708,0.1689,0.1126,0.061,0.3519
nh_white__low__single_no_children__white_dominant,nh_white,low,single_no_children,white_dominant,449,0.000169,0.1872,0.15,0.6,0.4,5,4,0.55,0.35,0.2,0.2772,0.0522,0.1957,0.1957,0.1217,0.0815,0.0761
nh_asian__upper_middle__single_no_children__black_dominant,nh_asian,upper_middle,single_no_children,black_dominant,422,0.000159,0.1404,-0.2,0.12,0.03,5,5,0.2,0.5,0.35,0.0979,0.1121,0.1558,0.1502,0.2336,0.0834,0.1669
nh_black__upper_middle__family_with_children__hispanic_dominant,nh_black,upper_middle,family_with_children,hispanic_dominant,418,0.000157,0.0882,-0.2,0.5,0.2,4,3,0.5,0.35,0.4,0.1732,0.2551,0.1654,0.1276,0.0787,0.0394,0.1606
nh_other__low__elderly__black_dominant,nh_other,low,elderly,black_dominant,415,0.000156,0.078,-0.2,0.1,0.03,4,4,0.2,0.5,0.3,0.0792,0.0268,0.1818,0.2377,0.1398,0.0969,0.2377
nh_other__upper_middle__elderly__white_dominant,nh_other,upper_middle,elderly,white_dominant,395,0.000149,0.0585,-0.2,0.1,0.03,4,4,0.2,0.5,0.3,0.1089,0.0428,0.193,0.1515,0.1485,0.1029,0.2524
hispanic__high__family_with_children__black_dominant,hispanic,high,family_with_children,black_dominant,394,0.000148,0.084,-0.2,0.25,0.08,3,3,0.3,0.45,0.5,0.0973,0.2656,0.1589,0.0973,0.0973,0.0405,0.2432
nh_other__low__single_no_children__mixed,nh_other,low,single_no_children,mixed,382,0.000144,0.2028,-0.2,0.1,0.03,4,4,0.2,0.5,0.3,0.0823,0.0418,0.1452,0.2468,0.2033,0.1161,0.1645
nh_other__lower_middle__single_no_children__hispanic_dominant,nh_other,lower_middle,single_no_children,hispanic_dominant,379,0.000143,0.169,-0.2,0.1,0.03,4,4,0.2,0.5,0.3,0.0992,0.0536,0.1488,0.2024,0.2083,0.119,0.1687
nh_white__low__family_with_children__white_dominant,nh_white,low,family_with_children,white_dominant,374,0.000141,0.1008,0.15,0.6,0.4,5,4,0.55,0.35,0.2,0.2145,0.2422,0.2119,0.1514,0.0673,0.0421,0.0706
nh_white__high__family_with_children__black_dominant,nh_white,high,family_with_children,black_dominant,371,0.00014,0.0672,-0.2,0.6,0.4,5,4,0.55,0.35,0.2,0.2635,0.3426,0.1845,0.0527,0.0586,0.0366,0.0615
nh_white__high__elderly__black_dominant,nh_white,high,elderly,black_dominant,371,0.00014,0.048,-0.2,0.6,0.4,5,4,0.55,0.35,0.2,0.3719,0.0537,0.2417,0.0744,0.0826,0.0671,0.1085
nh_other__low__family_with_children__mixed,nh_other,low,family_with_children,mixed,361,0.000136,0.1092,-0.2,0.1,0.03,4,4,0.2,0.5,0.3,0.0684,0.2085,0.1689,0.2051,0.1207,0.0644,0.1641
nh_black__lower_middle__single_no_children__asian_enclave,nh_black,lower_middle,single_no_children,asian_enclave,338,0.000127,0.182,-0.2,0.5,0.2,4,3,0.5,0.35,0.4,0.2008,0.0452,0.1506,0.2169,0.1406,0.0753,0.1707
hispanic__high__single_no_children__black_dominant,hispanic,high,single_no_children,black_dominant,305,0.000115,0.156,-0.2,0.25,0.08,3,3,0.3,0.45,0.5,0.1294,0.0589,0.1509,0.1294,0.1811,0.0809,0.2695
nh_other__lower_middle__family_with_children__hispanic_dominant,nh_other,lower_middle,family_with_children,hispanic_dominant,298,0.000112,0.091,-0.2,0.1,0.03,4,4,0.2,0.5,0.3,0.0786,0.2547,0.1651,0.1604,0.1179,0.0629,0.1604
nh_black__lower_middle__family_with_children__asian_enclave,nh_black,lower_middle,family_with_children,asian_enclave,298,0.000112,0.098,-0.2,0.5,0.2,4,3,0.5,0.35,0.4,0.16,0.216,0.168,0.1728,0.08,0.04,0.1632
nh_black__upper_middle__elderly__hispanic_dominant,nh_black,upper_middle,elderly,hispanic_dominant,298,0.000112,0.063,-0.2,0.5,0.2,4,3,0.5,0.35,0.4,0.213,0.0348,0.1888,0.1568,0.0968,0.0629,0.2469
nh_other__low__elderly__hispanic_dominant,nh_other,low,elderly,hispanic_dominant,293,0.00011,0.078,-0.2,0.1,0.03,4,4,0.2,0.5,0.3,0.0792,0.0268,0.1818,0.2377,0.1398,0.0969,0.2377
nh_asian__lower_middle__elderly__hispanic_dominant,nh_asian,lower_middle,elderly,hispanic_dominant,292,0.00011,0.06,-0.2,0.12,0.03,5,5,0.2,0.5,0.35,0.0853,0.0597,0.194,0.1919,0.1599,0.0693,0.2399
nh_other__upper_middle__elderly__black_dominant,nh_other,upper_middle,elderly,black_dominant,286,0.000108,0.0585,-0.2,0.1,0.03,4,4,0.2,0.5,0.3,0.1089,0.0428,0.193,0.1515,0.1485,0.1029,0.2524
nh_asian__low__elderly__mixed,nh_asian,low,elderly,mixed,273,0.000103,0.072,-0.2,0.12,0.03,5,5,0.2,0.5,0.35,0.0708,0.0467,0.1896,0.2344,0.1563,0.0677,0.2344
nh_asian__lower_middle__family_with_children__black_dominant,nh_asian,lower_middle,family_with_children,black_dominant,267,0.000101,0.084,-0.2,0.12,0.03,5,5,0.2,0.5,0.35,0.0597,0.3761,0.1463,0.1343,0.1119,0.0373,0.1343
nh_asian__upper_middle__elderly__black_dominant,nh_asian,upper_middle,elderly,black_dominant,247,9.3e-05,0.054,-0.2,0.12,0.03,5,5,0.2,0.5,0.35,0.0965,0.0737,0.1995,0.148,0.1644,0.0713,0.2467
nh_white__low__elderly__white_dominant,nh_white,low,elderly,white_dominant,246,9.3e-05,0.072,0.15,0.6,0.4,5,4,0.55,0.35,0.2,0.2681,0.0336,0.2461,0.1893,0.0841,0.0683,0.1104
nh_other__upper_middle__single_no_children__asian_enclave,nh_other,upper_middle,single_no_children,asian_enclave,236,8.9e-05,0.1521,-0.2,0.1,0.03,4,4,0.2,0.5,0.3,0.1125,0.0663,0.1534,0.1565,0.2148,0.1227,0.1739
nh_other__high__single_no_children__black_dominant,nh_other,high,single_no_children,black_dominant,218,8.2e-05,0.1352,-0.2,0.1,0.03,4,4,0.2,0.5,0.3,0.1274,0.0745,0.1592,0.1083,0.2229,0.1274,0.1804
nh_black__lower_middle__elderly__asian_enclave,nh_black,lower_middle,elderly,asian_enclave,212,8e-05,0.07,-0.2,0.5,0.2,4,3,0.5,0.35,0.4,0.1885,0.0283,0.1838,0.2036,0.0943,0.0613,0.2403
nh_asian__lower_middle__single_no_children__black_dominant,nh_asian,lower_middle,single_no_children,black_dominant,211,7.9e-05,0.156,-0.2,0.12,0.03,5,5,0.2,0.5,0.35,0.0871,0.0914,0.1523,0.1959,0.2285,0.0816,0.1632
nh_other__upper_middle__family_with_children__asian_enclave,nh_other,upper_middle,family_with_children,asian_enclave,183,6.9e-05,0.0819,-0.2,0.1,0.03,4,4,0.2,0.5,0.3,0.0849,0.3,0.1621,0.1181,0.1158,0.0617,0.1574
hispanic__high__elderly__black_dominant,hispanic,high,elderly,black_dominant,174,6.6e-05,0.06,-0.2,0.25,0.08,3,3,0.3,0.45,0.5,0.1178,0.0357,0.1787,0.1178,0.1178,0.0638,0.3682
nh_other__lower_middle__elderly__hispanic_dominant,nh_other,lower_middle,elderly,hispanic_dominant,168,6.3e-05,0.065,-0.2,0.1,0.03,4,4,0.2,0.5,0.3,0.0958,0.0345,0.1868,0.1954,0.1437,0.0996,0.2443
nh_other__lower_middle__single_no_children__asian_enclave,nh_other,lower_middle,single_no_children,asian_enclave,166,6.3e-05,0.169,-0.2,0.1,0.03,4,4,0.2,0.5,0.3,0.0992,0.0536,0.1488,0.2024,0.2083,0.119,0.1687
nh_other__low__elderly__mixed,nh_other,low,elderly,mixed,165,6.2e-05,0.078,-0.2,0.1,0.03,4,4,0.2,0.5,0.3,0.0792,0.0268,0.1818,0.2377,0.1398,0.0969,0.2377
nh_asian__high__single_no_children__black_dominant,nh_asian,high,single_no_children,black_dominant,158,6e-05,0.1248,-0.2,0.12,0.03,5,5,0.2,0.5,0.35,0.1103,0.1255,0.1609,0.1034,0.2413,0.0862,0.1724
nh_asian__high__family_with_children__black_dominant,nh_asian,high,family_with_children,black_dominant,158,6e-05,0.0672,-0.2,0.12,0.03,5,5,0.2,0.5,0.35,0.0677,0.4623,0.1383,0.0635,0.1058,0.0353,0.127
nh_asian__low__family_with_children__black_dominant,nh_asian,low,family_with_children,black_dominant,154,5.8e-05,0.1008,-0.2,0.12,0.03,5,5,0.2,0.5,0.35,0.0535,0.3169,0.1541,0.1769,0.1179,0.0393,0.1415
nh_asian__lower_middle__elderly__black_dominant,nh_asian,lower_middle,elderly,black_dominant,141,5.3e-05,0.06,-0.2,0.12,0.03,5,5,0.2,0.5,0.35,0.0853,0.0597,0.194,0.1919,0.1599,0.0693,0.2399
nh_other__high__family_with_children__black_dominant,nh_other,high,family_with_children,black_dominant,131,4.9e-05,0.0728,-0.2,0.1,0.03,4,4,0.2,0.5,0.3,0.0932,0.3272,0.1631,0.0792,0.1165,0.0622,0.1585
nh_other__lower_middle__family_with_children__asian_enclave,nh_other,lower_middle,family_with_children,asian_enclave,128,4.8e-05,0.091,-0.2,0.1,0.03,4,4,0.2,0.5,0.3,0.0786,0.2547,0.1651,0.1604,0.1179,0.0629,0.1604
hispanic__low__family_with_children__white_dominant,hispanic,low,family_with_children,white_dominant,125,4.7e-05,0.126,-0.2,0.25,0.08,3,3,0.3,0.45,0.5,0.0679,0.1609,0.1565,0.2395,0.0958,0.0399,0.2395
nh_other__upper_middle__single_no_children__hispanic_dominant,nh_other,upper_middle,single_no_children,hispanic_dominant,113,4.3e-05,0.1521,-0.2,0.1,0.03,4,4,0.2,0.5,0.3,0.1125,0.0663,0.1534,0.1565,0.2148,0.1227,0.1739
nh_asian__low__single_no_children__black_dominant,nh_asian,low,single_no_children,black_dominant,108,4.1e-05,0.1872,-0.2,0.12,0.03,5,5,0.2,0.5,0.35,0.0727,0.0719,0.1497,0.2406,0.2246,0.0802,0.1604
nh_other__upper_middle__elderly__asian_enclave,nh_other,upper_middle,elderly,asian_enclave,105,4e-05,0.0585,-0.2,0.1,0.03,4,4,0.2,0.5,0.3,0.1089,0.0428,0.193,0.1515,0.1485,0.1029,0.2524
nh_asian__upper_middle__family_with_children__hispanic_dominant,nh_asian,upper_middle,family_with_children,hispanic_dominant,90,3.4e-05,0.0756,-0.2,0.12,0.03,5,5,0.2,0.5,0.35,0.0627,0.4308,0.1396,0.0962,0.1069,0.0356,0.1282
nh_other__high__elderly__black_dominant,nh_other,high,elderly,black_dominant,87,3.3e-05,0.052,-0.2,0.1,0.03,4,4,0.2,0.5,0.3,0.1234,0.0481,0.2005,0.1049,0.1542,0.1069,0.2621
nh_other__upper_middle__family_with_children__hispanic_dominant,nh_other,upper_middle,family_with_children,hispanic_dominant,87,3.3e-05,0.0819,-0.2,0.1,0.03,4,4,0.2,0.5,0.3,0.0849,0.3,0.1621,0.1181,0.1158,0.0617,0.1574
nh_asian__high__elderly__black_dominant,nh_asian,high,elderly,black_dominant,79,3e-05,0.048,-0.2,0.12,0.03,5,5,0.2,0.5,0.35,0.109,0.0827,0.2066,0.1022,0.1703,0.0738,0.2554
nh_other__lower_middle__elderly__asian_enclave,nh_other,lower_middle,elderly,asian_enclave,75,2.8e-05,0.065,-0.2,0.1,0.03,4,4,0.2,0.5,0.3,0.0958,0.0345,0.1868,0.1954,0.1437,0.0996,0.2443
nh_asian__low__elderly__black_dominant,nh_asian,low,elderly,black_dominant,72,2.7e-05,0.072,-0.2,0.12,0.03,5,5,0.2,0.5,0.35,0.0708,0.0467,0.1896,0.2344,0.1563,0.0677,0.2344
nh_asian__upper_middle__single_no_children__hispanic_dominant,nh_asian,upper_middle,single_no_children,hispanic_dominant,69,2.6e-05,0.1404,-0.2,0.12,0.03,5,5,0.2,0.5,0.35,0.0979,0.1121,0.1558,0.1502,0.2336,0.0834,0.1669
hispanic__low__single_no_children__white_dominant,hispanic,low,single_no_children,white_dominant,61,2.3e-05,0.234,-0.2,0.25,0.08,3,3,0.3,0.45,0.5,0.0808,0.032,0.1331,0.2853,0.1598,0.0713,0.2377
nh_other__upper_middle__elderly__hispanic_dominant,nh_other,upper_middle,elderly,hispanic_dominant,49,1.8e-05,0.0585,-0.2,0.1,0.03,4,4,0.2,0.5,0.3,0.1089,0.0428,0.193,0.1515,0.1485,0.1029,0.2524
hispanic__low__elderly__white_dominant,hispanic,low,elderly,white_dominant,41,1.5e-05,0.09,-0.2,0.25,0.08,3,3,0.3,0.45,0.5,0.074,0.0195,0.1583,0.261,0.1044,0.0566,0.3263
nh_asian__upper_middle__elderly__hispanic_dominant,nh_asian,upper_middle,elderly,hispanic_dominant,39,1.5e-05,0.054,-0.2,0.12,0.03,5,5,0.2,0.5,0.35,0.0965,0.0737,0.1995,0.148,0.1644,0.0713,0.2467
nh_asian__low__family_with_children__white_dominant,nh_asian,low,family_with_children,white_dominant,28,1.1e-05,0.1008,-0.2,0.12,0.03,5,5,0.2,0.5,0.35,0.0535,0.3169,0.1541,0.1769,0.1179,0.0393,0.1415
nh_asian__low__single_no_children__white_dominant,nh_asian,low,single_no_children,white_dominant,18,7e-06,0.1872,-0.2,0.12,0.03,5,5,0.2,0.5,0.35,0.0727,0.0719,0.1497,0.2406,0.2246,0.0802,0.1604
nh_asian__low__elderly__white_dominant,nh_asian,low,elderly,white_dominant,10,4e-06,0.072,-0.2,0.12,0.03,5,5,0.2,0.5,0.35,0.0708,0.0467,0.1896,0.2344,0.1563,0.0677,0.2344
nh_black__low__family_with_children__white_dominant,nh_black,low,family_with_children,white_dominant,10,4e-06,0.1176,-0.2,0.5,0.2,4,3,0.5,0.35,0.4,0.1393,0.177,0.1721,0.2213,0.082,0.041,0.1672
nh_black__low__single_no_children__white_dominant,nh_black,low,single_no_children,white_dominant,9,3e-06,0.2184,-0.2,0.5,0.2,4,3,0.5,0.35,0.4,0.1682,0.0356,0.1484,0.2671,0.1385,0.0742,0.1682
nh_other__low__family_with_children__white_dominant,nh_other,low,family_with_children,white_dominant,6,2e-06,0.1092,-0.2,0.1,0.03,4,4,0.2,0.5,0.3,0.0684,0.2085,0.1689,0.2051,0.1207,0.0644,0.1641
nh_black__low__elderly__white_dominant,nh_black,low,elderly,white_dominant,6,2e-06,0.084,-0.2,0.5,0.2,4,3,0.5,0.35,0.4,0.1576,0.0222,0.1807,0.2502,0.0927,0.0602,0.2363
nh_other__low__single_no_children__white_dominant,nh_other,low,single_no_children,white_dominant,6,2e-06,0.2028,-0.2,0.1,0.03,4,4,0.2,0.5,0.3,0.0823,0.0418,0.1452,0.2468,0.2033,0.1161,0.1645
nh_other__low__elderly__white_dominant,nh_other,low,elderly,white_dominant,3,1e-06,0.078,-0.2,0.1,0.03,4,4,0.2,0.5,0.3,0.0792,0.0268,0.1818,0.2377,0.1398,0.0969,0.2377
